ErrorDocument 404     /404.html

RewriteEngine on
# Redirect from http to https
RewriteCond %{HTTPS} off
RewriteRule ^(.*)$ https://%{HTTP_HOST}/$1 [R=301,L]

# Redirect from sidorenko.io to www.sidorenko.io
RewriteCond %{HTTP_HOST} ^sidorenko.io [NC]
RewriteRule ^(.*)$ https://www.%{HTTP_HOST}/$1 [L,R=301,NC]

# Redirect from old URLs without trailing slash to the URL with slash
RewriteCond %{REQUEST_URI} ^/blog/.*[^/]$
RewriteRule ^(.*)$ https://%{HTTP_HOST}/$1/ [L,R=301,NC]

# Add HSTS headers to the https connections
Header set Strict-Transport-Security "max-age=10886400; includeSubDomains" env=HTTPS

# Redirect of some old urls
Redirect 301 /atom.xml /post/index.xml
Redirect 301 /blog/archives/ /post/
Redirect 301 /blog/2010/10/21/how-to-setup-the-link-timeout-on-the-hbas-on-the-esx/ /post/2010/10/how-to-setup-the-link-timeout-on-the-hbas-on-the-esx/
Redirect 301 /blog/2010/10/21/how-to-determine-the-switch-port-with-tcpdump/ /post/2010/10/how-to-determine-the-switch-port-with-tcpdump/
Redirect 301 /blog/2010/10/21/how-to-edit-initrd-image/ /post/2010/10/how-to-edit-initrd-image/
Redirect 301 /blog/2010/10/21/using-native-sata-on-systems-with-ide-emulation/ /post/2010/10/using-native-sata-on-systems-with-ide-emulation/
Redirect 301 /blog/2010/10/22/how-to-use-the-correct-interface-for-kickstart-installations/ /post/2010/10/how-to-use-the-correct-interface-for-kickstart-installations/
Redirect 301 /blog/2010/11/04/vsphere-client-cli-options/ /post/2010/11/vsphere-client-cli-options/
Redirect 301 /blog/2010/11/08/workaround-for-anaconda-network-timeouts-and-spanning-tree-with-kickstart-installations/ /post/2010/11/workaround-for-anaconda-network-timeouts-and-spanning-tree-with-kickstart-installations/
Redirect 301 /blog/2011/01/04/how-to-wireshark-with-user-rights/ /post/2011/01/how-to-wireshark-with-user-rights/
Redirect 301 /blog/2011/04/25/using-bind-from-ports/ /post/2011/04/using-bind-from-ports/
Redirect 301 /blog/2011/04/25/how-to-batch-delete-old-files-after-installworld/ /post/2011/04/how-to-batch-delete-old-files-after-installworld/
Redirect 301 /blog/2011/04/27/how-to-activate-privacy-extensions-by-ipv6/ /post/2011/04/how-to-activate-privacy-extensions-with-ipv6/
Redirect 301 /blog/2011/04/27/how-to-root-htc-desire/ /post/2011/04/how-to-root-htc-desire/
Redirect 301 /blog/2011/06/28/how-to-get-root-on-samsung-galaxy-s-ii-i9100/ /post/2011/06/how-to-get-root-on-samsung-galaxy-s-ii-i9100/
Redirect 301 /blog/2011/07/14/how-to-root-htc-desire-s/ /post/2011/07/how-to-root-htc-desire-s/
Redirect 301 /blog/2012/01/29/problems-with-p4-clockmod-and-cpu-frequency-scaling/ /post/2012/01/problems-with-p4-clockmod-and-cpu-frequency-scaling/
Redirect 301 /blog/2012/01/29/authentication-with-one-time-passwords/ /post/2012/01/authentication-with-one-time-passwords/
Redirect 301 /blog/2012/01/29/using-one-time-password-with-apache/ /post/2012/01/using-one-time-password-with-apache/
Redirect 301 /blog/2012/03/02/how-to-access-mssql-from-php-via-odbc/ /post/2012/03/how-to-access-mssql-from-php-via-odbc/
Redirect 301 /blog/2012/03/07/drbd-recovery-from-split-brain/ /post/2012/03/drbd-recovery-from-split-brain/
Redirect 301 /blog/2012/04/05/how-to-create-vmfs-partition-on-the-local-disk-without-label/ /post/2012/04/how-to-create-vmfs-partition-on-the-local-disk-without-label/
Redirect 301 /blog/2012/04/16/flashing-clockmod-recovery-on-samsung-galaxy-s-ii-i9100/ /post/2012/04/flashing-clockmod-recovery-on-samsung-galaxy-s-ii-i9100/
Redirect 301 /blog/2012/04/20/how-to-build-apc-or-eaccelerator-for-php-on-windows/ /post/2012/04/how-to-build-apc-or-eaccelerator-for-php-on-windows/
Redirect 301 /blog/2012/05/16/how-to-backup-mysql/ /post/2012/05/how-to-backup-mysql/
Redirect 301 /blog/2012/07/11/how-to-root-galaxy-tab-2-10-dot-1-with-heimdall/ /post/2012/07/how-to-root-galaxy-tab-2-10.1-with-heimdall/
Redirect 301 /blog/2012/12/30/flashing-android-4-on-samsung-galaxy-s-ii-with-heimdall/ /post/2012/12/flashing-android-4-on-samsung-galaxy-s-ii-with-heimdall/
Redirect 301 /blog/2013/12/31/how-to-install-linux-mint-on-encrypted-raid-1-with-lvm/ /post/2013/12/how-to-install-linux-mint-on-encrypted-raid-1-with-lvm/
Redirect 301 /blog/2014/02/13/secure-ssl-configuration-for-apache-postfix-dovecot/ /post/2014/02/secure-ssl-configuration-for-apache-postfix-dovecot/
Redirect 301 /blog/2014/03/20/default-iptables-rules/ /post/2014/03/default-iptables-rules/
Redirect 301 /blog/2014/07/05/puppet-hiera-hash-merge-and-automatic-parameter-lookup/ /post/2014/07/puppet-hiera-hash-merge-and-automatic-parameter-lookup/
Redirect 301 /blog/2014/07/06/easy-ssh-key-management-with-puppet/ /post/2014/07/easy-ssh-key-management-with-puppet/
Redirect 301 /blog/2014/08/27/virtualbox-on-hardened-gentoo/ /post/2014/08/virtualbox-on-hardened-gentoo/
Redirect 301 /blog/2014/10/13/puppet-structure/ /post/2014/10/puppet-structure/
Redirect 301 /blog/2014/10/15/telekom-hotspot-autologin-with-networkmanager/ /post/2014/10/telekom-hotspot-autologin-with-networkmanager/
Redirect 301 /blog/2014/10/28/webex-on-ubuntu-slash-mint-64bit/ /post/2014/10/webex-on-ubuntu-or-mint-64bit/
Redirect 301 /blog/2014/10/29/gitlab-on-centos-slash-rhel-6/ /post/2014/10/gitlab-on-centos-or-rhel-6/
Redirect 301 /blog/2014/11/04/yubikey-slash-openpgp-smartcards-for-newbies/ /post/2014/11/yubikey-or-openpgp-smartcards-for-newbies/
Redirect 301 /blog/2015/02/08/move-existing-centos-installation-to-encrypted-raid-and-lvm/ /post/2015/02/move-existing-centos-installation-to-encrypted-raid-and-lvm/
Redirect 301 /blog/2015/05/19/easy-creation-of-a-simple-apt-repo/ /post/2015/05/easy-creation-of-a-simple-apt-repo/
Redirect 301 /blog/2015/08/24/froscon-2015-impressions/ /post/2015/08/froscon-2015-impressions/
Redirect 301 /blog/2016/04/12/flashing-bq-aquaris-x5/ /post/2016/04/flashing-bq-aquaris-x5/
Redirect 301 /blog/2016/05/25/short-way-to-a-deb-package/ /post/2016/05/a-short-way-to-a-deb-package/
Redirect 301 /blog/2016/05/26/build-packages-with-openbuild-service/ /post/2016/05/build-packages-with-openbuild-service/
Redirect 301 /blog/2016/06/30/install-chef-on-raspberry-pi-with-centos/ /post/2016/06/installing-chef-on-raspberry-pi-with-centos/
Redirect 301 /blog/2016/07/01/creating-container-base-image-of-centos/ /post/2016/07/creating-container-base-image-of-centos/
Redirect 301 /blog/2016/09/29/hybrid-suspend-with-systemd/ /post/2016/09/hybrid-suspend-with-systemd/
Redirect 301 /blog/2016/10/09/configuring-chefdk/ /post/2016/10/configuring-chefdk/
Redirect 301 /blog/2016/10/26/writing-helper-cookbooks-with-shared-functions/ /post/2016/10/writing-helper-cookbooks-with-shared-functions/
Redirect 301 /blog/2016/11/26/writing-inspec-tests-in-the-rspec-style/ /post/2016/11/writing-inspec-tests-in-the-rspec-style/
Redirect 301 /blog/2016/12/03/dynamic-resources-in-chef/ /post/2016/12/using-dynamic-resources-in-chef/
Redirect 301 /blog/2016/12/10/ipv6-with-prefix-delegation-and-mikrotik/ /post/2016/12/ipv6-with-prefix-delegation-routeros-and-fritzbox/
Redirect 301 /blog/2017/01/04/setting-up-nat64-with-tayga-on-centos/ /post/2017/01/setting-up-nat64-with-tayga-on-centos/
Redirect 301 /blog/2017/02/11/testing-chef-cookbooks-with-gitlab-ci/ /post/2017/02/testing-chef-cookbooks-with-gitlab-ci/
Redirect 301 /blog/2017/05/27/using-travis-to-deploy-a-hugo-site-to-shared-hosting/ /post/2017/05/using-travis-to-deploy-hugo-site-to-a-shared-hosting/
